-----------------------TABLA ESTADO_SERVICIO-------------------------------------
--INSERTING IN TABLE ESTADO_SERVICO
INSERT INTO ESTADO_SERVICIO VALUES(100,'REPARANDO EN GRANTIA');
INSERT INTO ESTADO_SERVICIO VALUES(101,'SERVICIO DEL EQUIPO');
INSERT INTO ESTADO_SERVICIO VALUES(102,'VINCULACION CON EMPRESAS');
INSERT INTO ESTADO_SERVICIO VALUES(103,'GRANTIA DE 1 AÑO');
INSERT INTO ESTADO_SERVICIO VALUES(104,'SERVICIO CONSECIONARIOS');
INSERT INTO ESTADO_SERVICIO VALUES(105,'GRANTIA DE 6 MESES');
INSERT INTO ESTADO_SERVICIO VALUES(106,'ACCEDER EL NIVEL 2');
INSERT INTO ESTADO_SERVICIO VALUES(107,'ACEDER EL NIVEL 1');
INSERT INTO ESTADO_SERVICIO VALUES(108,'REPARACION EN FRABRICACION');
INSERT INTO ESTADO_SERVICIO VALUES(109,'DONACION DEL EQUIPO');

--UPDATING IN THE TABLE ESTADO_SERVICIO
UPDATE ESTADO_SERVICIO 
SET nombre_esrado_servicio = 'GARANTIA DE UN AÑO'
WHERE id_estado_servicio = 103;

UPDATE ESTADO_SERVICIO 
SET nombre_esrado_servicio = 'REPARANDO EN GARANTIA'
WHERE id_estado_servicio = 100;

UPDATE ESTADO_SERVICIO 
SET nombre_esrado_servicio = 'SERVICIO EN UN SERUCURSAL'
WHERE id_estado_servicio = 104;

UPDATE ESTADO_SERVICIO 
SET nombre_esrado_servicio = 'GARANTIA DE 6 MESES'
WHERE id_estado_servicio = 105;

UPDATE ESTADO_SERVICIO 
SET nombre_esrado_servicio = 'ACEDER EL NIVEL 1'
WHERE id_estado_servicio = 107;

--DELETING IN THE TABLE ESTADO_SERVICIO
DELETE ESTADO_SERVICIO WHERE id_estado_servicio = 107; 
DELETE ESTADO_SERVICIO WHERE id_estado_servicio = 109; 
DELETE ESTADO_SERVICIO WHERE id_estado_servicio = 106; 

------------------------------TABLA CIUDAD----------------------------------------
--INSERTING IN TABLE CIUDAD
INSERT INTO CIUDAD VALUES(200,'Medellin');
INSERT INTO CIUDAD VALUES(201,'Bogota');
INSERT INTO CIUDAD VALUES(202,'MEDELLLIN');
INSERT INTO CIUDAD VALUES(203,'COLOMBIA');
INSERT INTO CIUDAD VALUES(204,'IVAGUE');
INSERT INTO CIUDAD VALUES(205,'MANIZALES');
INSERT INTO CIUDAD VALUES(206,'BOGOTA');
INSERT INTO CIUDAD VALUES(207,'ESPAÑA');
INSERT INTO CIUDAD VALUES(208,'CALI');
INSERT INTO CIUDAD VALUES(209,'BUCARAMANGA');

--UPDATING IN THE TABLE CIUDAD
UPDATE CIUDAD 
SET NOMBRE_CIUDAD = 'BARRANQUILLA'
WHERE ID_CIUDAD = 202;

UPDATE CIUDAD 
SET NOMBRE_CIUDAD = 'NIMPIALES'
WHERE ID_CIUDAD = 203;

UPDATE CIUDAD 
SET NOMBRE_CIUDAD = 'IBAGUE'
WHERE ID_CIUDAD = 204;

UPDATE CIUDAD 
SET NOMBRE_CIUDAD = 'HUILA'
WHERE ID_CIUDAD = 207;

UPDATE CIUDAD 
SET NOMBRE_CIUDAD = 'CARTAGENA'
WHERE ID_CIUDAD = 206;

--DELETING IN THE TABLE ESTADO_SERVICIO
DELETE CIUDAD WHERE ID_CIUDAD = 206;
DELETE CIUDAD WHERE ID_CIUDAD = 208;
DELETE CIUDAD WHERE ID_CIUDAD = 205;


-----------------------TABLA TIPO_PRODUCTO-------------------------------------------
--INSERTING IN TABLE TIPO_PRODUCTO
INSERT INTO TIPO_PRODUCTO VALUES(300,'Televisores');
INSERT INTO TIPO_PRODUCTO VALUES(301,'Equipos de sonido');
INSERT INTO TIPO_PRODUCTO VALUES(302,'SmartPhone');
INSERT INTO TIPO_PRODUCTO VALUES(303,'Consolas');
INSERT INTO TIPO_PRODUCTO VALUES(304,'Electrodomesticos');
INSERT INTO TIPO_PRODUCTO VALUES(305,'EQUIPOS DE SONIDO');
INSERT INTO TIPO_PRODUCTO VALUES(306,'SMARTHPONE');
INSERT INTO TIPO_PRODUCTO VALUES(307,'EQUIPOS DE COCCINA');
INSERT INTO TIPO_PRODUCTO VALUES(308,'COMPUTADORES');
INSERT INTO TIPO_PRODUCTO VALUES(309,'TABLETAS');

--UPDATING IN THE TABLE TIPO_PRODUCTO
UPDATE TIPO_PRODUCTO
SET NOMBRE_TIPO_PRODUCTO = 'EQUIPOS DE COCINA'
WHERE ID_TIPO_PRODUCTO = 307;

UPDATE TIPO_PRODUCTO
SET NOMBRE_TIPO_PRODUCTO = 'LAVADORAS'
WHERE ID_TIPO_PRODUCTO = 306;

UPDATE TIPO_PRODUCTO
SET NOMBRE_TIPO_PRODUCTO = 'TELEVISORES PLASMA'
WHERE ID_TIPO_PRODUCTO = 300;

UPDATE TIPO_PRODUCTO
SET NOMBRE_TIPO_PRODUCTO = 'ACCESORIOS'
WHERE ID_TIPO_PRODUCTO = 301;

--DELETING IN THE TABLE ESTADO_SERVICIO
DELETE TIPO_PRODUCTO WHERE ID_TIPO_PRODUCTO = 304;
DELETE TIPO_PRODUCTO WHERE ID_TIPO_PRODUCTO = 306;
DELETE TIPO_PRODUCTO WHERE ID_TIPO_PRODUCTO = 301;


---------------------------TABLA SEDE----------------------------------------------
INSERT INTO SEDE VALUES(400,'AS ELECTRON NORTE','CR 48A #78-54','PISO 302','',200);
INSERT INTO SEDE VALUES(401,'AS ELECTRON MEDELLIN','CALLE 80 #05-24','','LAS AMERICAS',201);
INSERT INTO SEDE VALUES(402,'AS ELECTRON OCCIDENTE','CALLE 80 #05-24','','OCCDIENTE DE BOGOTA',201);
INSERT INTO SEDE VALUES(403,'AS ELECTRON SUROCCIDENTE','CALLE 80 #05-24','','PATIO BONITPO',200);
INSERT INTO SEDE VALUES(404,'AS ELECTRON','CALLE 80 #05-24','','NORTE',202);
INSERT INTO SEDE VALUES(405,'AS ELECTRON ','CALLE 80 #05-24','','OOCIDENTE',202);
INSERT INTO SEDE VALUES(406,'AS ELECTRON ','CALLE 80 #05-24','','SURORIENTE',204);
INSERT INTO SEDE VALUES(407,'AS ELECTRON ','CALLE 80 #05-24','','NORTE',207);
INSERT INTO SEDE VALUES(408,'AS ELECTRON BOGOTA','CALLE 80 #05-24','','POBLADO',200);
INSERT INTO SEDE VALUES(409,'AS ELECTRON MADRID','CALLE 80 #05-24','','OCCIDENTE',203);

UPDATE SEDE
SET NOMBRE_EMPRESA = 'AS ELECTRON PASTO', DIRECCION = 'CLL 2 #39-78',
NUMERO_LOCAL = 'OFIC 201', NOMBRE_LOCALIDAD = 'OCCIDENTE', ID_CIUDAD = 203
WHERE ID_SEDE = 409;

UPDATE SEDE
SET NOMBRE_EMPRESA = 'AS ELECTRON MEDELLIN', DIRECCION = 'CR 30 #5-12',
NUMERO_LOCAL = '', NOMBRE_LOCALIDAD = 'POBLADO', ID_CIUDAD = 200
WHERE ID_SEDE = 408;

UPDATE SEDE
SET NOMBRE_EMPRESA = 'AS ELECTRON HUILA', DIRECCION = 'AV 2 #78A-5',
NUMERO_LOCAL = 'SALA 201', NOMBRE_LOCALIDAD = 'SUROCCIDNETE', ID_CIUDAD = 203
WHERE ID_SEDE = 407;

UPDATE SEDE
SET NOMBRE_EMPRESA = 'AS ELECTRON TOLIMA', DIRECCION = 'CR 48 #7-15',
NUMERO_LOCAL = '', NOMBRE_LOCALIDAD = 'CENTRO', ID_CIUDAD = 207
WHERE ID_SEDE = 406;

UPDATE SEDE
SET NOMBRE_EMPRESA = 'AS ELECTRON BARRANQUILLA', DIRECCION = 'AV 5 #79-34',
NUMERO_LOCAL = 'OFIC 401', NOMBRE_LOCALIDAD = 'COSTA BAJA', ID_CIUDAD = 202
WHERE ID_SEDE = 405;

DELETE SEDE WHERE ID_SEDE = 404;
DELETE SEDE WHERE ID_SEDE = 403;
DELETE SEDE WHERE ID_SEDE = 402;


------------------------------TABLA CARGO---------------------------------------------------------------------
INSERT INTO CARGO VALUES(500,'TECNICO');
INSERT INTO CARGO VALUES(501,'ADMINISTRADOR');
INSERT INTO CARGO VALUES(502,'CLIENTE');
INSERT INTO CARGO VALUES(503,'CONDUCTOR');
INSERT INTO CARGO VALUES(504,'INBGENIREUO');
INSERT INTO CARGO VALUES(505,'RECEPCIONISTA');
INSERT INTO CARGO VALUES(506,'GERENTE');
INSERT INTO CARGO VALUES(507,'TECNICO DE CELULARES');
INSERT INTO CARGO VALUES(508,'TECNICO TELEVISORES');
INSERT INTO CARGO VALUES(509,'TECNICO COMPUTADORAS');

UPDATE CARGO 
SET NOMBRE_CARGO = 'TECNICO COMPUTO'
WHERE ID_CARGO = 509;

UPDATE CARGO 
SET NOMBRE_CARGO = 'TECNICO EQUIOS MOVILES'
WHERE ID_CARGO = 507;

UPDATE CARGO 
SET NOMBRE_CARGO = 'TECNICO ELECTRODOMESTICOS'
WHERE ID_CARGO = 500;

UPDATE CARGO 
SET NOMBRE_CARGO = 'INGENIERO ELECTRICO'
WHERE ID_CARGO = 504;

UPDATE CARGO 
SET NOMBRE_CARGO = 'MENSAJERO'
WHERE ID_CARGO = 503;

DELETE CARGO WHERE ID_CARGO = 502;
DELETE CARGO WHERE ID_CARGO = 501;
DELETE CARGO WHERE ID_CARGO = 506;



--TABLA TIPO_IDENTIFICACION
INSERT INTO TIPO_IDENTIFICACION VALUES(600,'CEDULA CIUDADANIA');
INSERT INTO TIPO_IDENTIFICACION VALUES(601,'PASAPORTE');
INSERT INTO TIPO_IDENTIFICACION VALUES(602,'CEDULA EXTRANGERO');
INSERT INTO TIPO_IDENTIFICACION VALUES(603,'NIT');
INSERT INTO TIPO_IDENTIFICACION VALUES(604,'TARGETA IDENTIDAD');
INSERT INTO TIPO_IDENTIFICACION VALUES(605,'CEDUKLA');
INSERT INTO TIPO_IDENTIFICACION VALUES(606,'CODIGO DE LA CEDULA');
INSERT INTO TIPO_IDENTIFICACION VALUES(607,'REGISTRO CIVIL');
INSERT INTO TIPO_IDENTIFICACION VALUES(608,'TARJETA DE TRANSITO');
INSERT INTO TIPO_IDENTIFICACION VALUES(609,'NUMERO SERIAL');


UPDATE TIPO_IDENTIFICACION
SET NOMBRE_TIPO_IDENTIFICACION = 'CEDULA'
WHERE ID_TIPO_IDENTIFICACION = 605;

UPDATE TIPO_IDENTIFICACION
SET NOMBRE_TIPO_IDENTIFICACION = 'CEDULA EXTANGERIA'
WHERE ID_TIPO_IDENTIFICACION = 602;

UPDATE TIPO_IDENTIFICACION
SET NOMBRE_TIPO_IDENTIFICACION = 'PASAPORTE VISA'
WHERE ID_TIPO_IDENTIFICACION = 609;

UPDATE TIPO_IDENTIFICACION
SET NOMBRE_TIPO_IDENTIFICACION = 'T.I'
WHERE ID_TIPO_IDENTIFICACION = 608;

UPDATE TIPO_IDENTIFICACION
SET NOMBRE_TIPO_IDENTIFICACION = 'NIT EMPRESA'
WHERE ID_TIPO_IDENTIFICACION = 603;

DELETE TIPO_IDENTIFICACION WHERE ID_TIPO_IDENTIFICACION = 607;
DELETE TIPO_IDENTIFICACION WHERE ID_TIPO_IDENTIFICACION = 604;
DELETE TIPO_IDENTIFICACION WHERE ID_TIPO_IDENTIFICACION = 609;



-------------------------------------------------------TABLA CLIENTE---------------------------------------------------------
INSERT INTO CLIENTE VALUES(700,600,'1017854784','SANTAGO','CORTES','','316548745','SANTIAGO_CORTES@GMAIL.COM',200,'CLL 2 #97-85');
INSERT INTO CLIENTE VALUES(701,601,'4365787425','ANA','ARIAS','4365874','310155487','ANA_ARIAS@GMAIL.COM',201,'CLL 80 #45-78');
INSERT INTO CLIENTE VALUES(702,602,'ING-4587458','ALES','FLORES','','311548745','ALES_FLORES@GMAIL.COM',202,'AV 8 #78-52');
INSERT INTO CLIENTE VALUES(703,603,'DIAN-458745874','DORIS','MARTINEZ','3165874 EXT 115 ','31454874','DORIS_MARTINEZ@GMAIL.COM',203,'CLL 2 #97-85');
INSERT INTO CLIENTE VALUES(704,605,'458745874','LETCIA','TABARES','','312548745','KETUCIA_TABARES@GMAIL.COM',204,'CR 22 #85-77');
INSERT INTO CLIENTE VALUES(705,606,'COD-15487456','EVA','PEREZ','','35487457','EVA_PEREX@GMAIL.COM',207,'CLL 2 #97-85');
INSERT INTO CLIENTE VALUES(706,608,'98054752574','ALEJANDRO','SIERRA','34568741','123','ALEJO_SIERRRAS@GMAIL.COM',207,'CLL 2 #97-85');
INSERT INTO CLIENTE VALUES(707,600,'145877454','SANTIAGO','MEDINA','316574','3554784','SANTIAGO_MEDINA@GMAIL.COM',201,'CLL 2 #97-85');
INSERT INTO CLIENTE VALUES(708,602,'MEX-45874574','GERARDO','LEÑÉRP','','316587458','GERARDO_LEÑERO@GMAIL.COM',203,'CLL 2 #97-85');
INSERT INTO CLIENTE VALUES(709,601,'ING-45874525','HARLEY','HATRLE','12345','458744','SANTIAGO_CORTES@GMAIL.COM',203,'CLL 2 #97-85');

UPDATE CLIENTE
SET ID_TIPO_IDENTIFICACION = 601, NUMERO_INDENTIFICACION = 'ING-45874525',NOMBRE_CLIENTE = 'HARLEY',
APELLIDO_CLIENTE = 'GOMEZ',NUMERO_FIJO = '31658745',NUMERO_CELULAR = '458744',CORREO_EMPLEADO = 'HARYL_GOMEZ@GMAIL.COM',
ID_CIUDAD = 203, DIRECCION = 'AV 85 #78-85'
WHERE ID_CLIENTE = 709;

UPDATE CLIENTE
SET ID_TIPO_IDENTIFICACION = 602, NUMERO_INDENTIFICACION = 'MEX-45874574',NOMBRE_CLIENTE = 'GERARDO',
APELLIDO_CLIENTE = 'LEÑERO',NUMERO_FIJO = '',NUMERO_CELULAR = '3158745',CORREO_EMPLEADO = 'GERARDO_LEÑERO@GMAIL.COM',
ID_CIUDAD = 203, DIRECCION = 'AV 8 #85-09'
WHERE ID_CLIENTE = 708;

UPDATE CLIENTE
SET ID_TIPO_IDENTIFICACION = 605, NUMERO_INDENTIFICACION = '458745874',NOMBRE_CLIENTE = 'LETCIA',
APELLIDO_CLIENTE = 'TABARES',NUMERO_FIJO = '',NUMERO_CELULAR = '312548745',CORREO_EMPLEADO = 'LETICIA_TABARES@GMAIL.COM',
ID_CIUDAD = 204, DIRECCION = 'CR 22 #85-77'
WHERE ID_CLIENTE = 704;

UPDATE CLIENTE
SET ID_TIPO_IDENTIFICACION = 606, NUMERO_INDENTIFICACION = 'COD-15487456',NOMBRE_CLIENTE = 'EVA',
APELLIDO_CLIENTE = 'PEREZ',NUMERO_FIJO = '',NUMERO_CELULAR = '35487457',CORREO_EMPLEADO = 'EVA_PEREZ@GMAIL.COM',
ID_CIUDAD = 207, DIRECCION = 'CR 80 #75-10'
WHERE ID_CLIENTE = 705;

UPDATE CLIENTE
SET ID_TIPO_IDENTIFICACION = 608, NUMERO_INDENTIFICACION = 'COD-45874587',NOMBRE_CLIENTE = 'ALEJANDRO',
APELLIDO_CLIENTE = 'SIERRA',NUMERO_FIJO = '34568741',NUMERO_CELULAR = '315874587',CORREO_EMPLEADO = 'ALEJO_SIERRRAS@GMAIL.COM',
ID_CIUDAD = 207, DIRECCION = 'CR 158 #10-11'
WHERE ID_CLIENTE = 706;

DELETE CLIENTE WHERE ID_CLIENTE = 703;
DELETE CLIENTE WHERE ID_CLIENTE = 705;
DELETE CLIENTE WHERE ID_CLIENTE = 709;

-----------------------------------------TABLE EMPLEADO------------------------------------------------------------------------
INSERT INTO EMPLEADO VALUES(800,500,600,'1112554874',',MATEO','DUARTE','316587457','MATEO_DUARTE','MATEO123',200);
INSERT INTO EMPLEADO VALUES(801,500,601,'ING 1254874',',JULIANB','LARGOOOOOOOOO125','12345','MATEO_DUARTE','MATEO123',201);
INSERT INTO EMPLEADO VALUES(802,504,600,'43+665874','WALTER','WALTER','31558774','WALTER_ARANGO@HOTMAIL.COM','WALTER123',200);
INSERT INTO EMPLEADO VALUES(803,503,600,'43+665874','WALTER','WALTER','31558774','WALTER_ARANGO@HOTMAIL.COM','WALTER123',200);
INSERT INTO EMPLEADO VALUES(804,505,601,'COD 458712574','CAMILA','MADERA','315874558','@HOTMAIL.COM','WALTER123',201);
INSERT INTO EMPLEADO VALUES(805,509,608,'98745874125','WILMAR','FERNANDEZ','4587458','WILMAR_FERNANDSE@HOTMAIL.COM','WILMAR123',201);
INSERT INTO EMPLEADO VALUES(806,503,606,'COD 4587456887','OSCAR','RAMIREZ','31558774','OSCAR_RAMIREZ@HOTMAIL.COM','OSCAR123',200);
INSERT INTO EMPLEADO VALUES(807,503,600,'43+665874','WALTER','WALTER','31558774','WALTER_ARANGO@HOTMAIL.COM','WALTER123',200);
INSERT INTO EMPLEADO VALUES(808,503,600,'43+665874','WALTER','WALTER','31558774','WALTER_ARANGO@HOTMAIL.COM','WALTER123',200);
INSERT INTO EMPLEADO VALUES(809,503,600,'43+665874','WALTER','WALTER','31558774','WALTER_ARANGO@HOTMAIL.COM','WALTER123',200);

UPDATE EMPLEADO
SET ID_CARGO = 500,ID_TIPO_IDENTIFICACION = 600,NUMERO_INDENTIFICACION = '1112554874',NOMBRE_EMPLEADO = 'MATEO',
APELLIDO_EMPLEADO = 'DUARTE', NUMERO_CELULAR = '316587457', CORREO_EMPLEADO = 'MATEO_DUARTE@GMAIL.COM',
PASSWORD_EMPLEADO = 'MATEO123',ID_CIUDAD = 200
WHERE ID_EMPLEADO = 800;

UPDATE EMPLEADO
SET ID_CARGO = 500,ID_TIPO_IDENTIFICACION = 601,NUMERO_INDENTIFICACION = 'ING 1254874',NOMBRE_EMPLEADO = 'JULIAN',
APELLIDO_EMPLEADO = 'LARGO', NUMERO_CELULAR = '31758745', CORREO_EMPLEADO = 'JULIAN_LARGO@GMAIL.COM',
PASSWORD_EMPLEADO = 'JULIAN123',ID_CIUDAD = 201
WHERE ID_EMPLEADO = 801;

UPDATE EMPLEADO
SET ID_CARGO = 503,ID_TIPO_IDENTIFICACION = 600,NUMERO_INDENTIFICACION = 'ING 45874574',NOMBRE_EMPLEADO = 'CARLOS',
APELLIDO_EMPLEADO = 'OSORIO', NUMERO_CELULAR = '3145874587', CORREO_EMPLEADO = 'CARLOS_ORSORIO@GMAIL.COM',
PASSWORD_EMPLEADO = 'CARLOS123',ID_CIUDAD = 200
WHERE ID_EMPLEADO = 803;

UPDATE EMPLEADO
SET ID_CARGO = 505,ID_TIPO_IDENTIFICACION = 601,NUMERO_INDENTIFICACION = 'ING 65874574',NOMBRE_EMPLEADO = 'CAMILA',
APELLIDO_EMPLEADO = 'MADERA', NUMERO_CELULAR = '315874558', CORREO_EMPLEADO = 'CAMILA_MADERA@HOTMAIL.COM',
PASSWORD_EMPLEADO = 'CAMILA123',ID_CIUDAD = 201
WHERE ID_EMPLEADO = 804;

DELETE EMPLEADO WHERE ID_EMPLEADO = 809;
DELETE EMPLEADO WHERE ID_EMPLEADO = 808;
DELETE EMPLEADO WHERE ID_EMPLEADO = 807;

SELECT ID_TIPO_PRODUCTO FROM PRODUCTO;


---------------------------------------------------TABLA PRODUCTO--------------------------------------------------------------
INSERT INTO PRODUCTO VALUES(900,300,'SO0000000000000000NY','1254','SONY78549');
INSERT INTO PRODUCTO VALUES(901,302,'SMASUNG','ADS45874','KÑEYY4587');
INSERT INTO PRODUCTO VALUES(902,303,'XBOZ-1','1254','MIOCRO12354');
INSERT INTO PRODUCTO VALUES(903,305,'SO1111111111111111NY BLUE','ADS7845874','SONY78547');
INSERT INTO PRODUCTO VALUES(904,307,'OLLA DE ARO<Z<< KALLEY','ASDDFDDDDS','SONY78549');
INSERT INTO PRODUCTO VALUES(905,308,'DELL LENOVO','ADS125574','LEV45874');
INSERT INTO PRODUCTO VALUES(906,309,'SAMSUNG AIR','ADS458745','SAMS54784');
INSERT INTO PRODUCTO VALUES(907,300,'SO0000000000000000NY','1254','SONY78549');
INSERT INTO PRODUCTO VALUES(908,305,'SO1111111111111111NY BLUE','ADS7845874','SONY78547');
INSERT INTO PRODUCTO VALUES(909,302,'SMASUNG','ADS45874','KÑEYY4587');

UPDATE PRODUCTO
SET ID_TIPO_PRODUCTO = 300,MARCA_PRODUCTO = 'SONY',NUMERO_MODELO = 'ADS45874',CODIGO_PRODUCTO = 'SONY78549'
WHERE ID_PRODUCTO = 900;

UPDATE PRODUCTO
SET ID_TIPO_PRODUCTO = 302,MARCA_PRODUCTO = 'SAMSUNG',NUMERO_MODELO = 'ADS45874',CODIGO_PRODUCTO = 'SAMS8549'
WHERE ID_PRODUCTO = 901;

UPDATE PRODUCTO
SET ID_TIPO_PRODUCTO = 303,MARCA_PRODUCTO = 'XBOX-ONE',NUMERO_MODELO = 'ADS45875',CODIGO_PRODUCTO = 'MICRO12547'
WHERE ID_PRODUCTO = 902;

UPDATE PRODUCTO
SET ID_TIPO_PRODUCTO = 305,MARCA_PRODUCTO = 'SONY BLUE',NUMERO_MODELO = 'ADS7845874',CODIGO_PRODUCTO = 'SONY78547'
WHERE ID_PRODUCTO = 903;

UPDATE PRODUCTO
SET ID_TIPO_PRODUCTO = 307,MARCA_PRODUCTO = 'OLLA DE ARROZ KALLEY',NUMERO_MODELO = 'ADS012458',CODIGO_PRODUCTO = 'KALL123'
WHERE ID_PRODUCTO = 904;

DELETE PRODUCTO WHERE ID_PRODUCTO = 909;
DELETE PRODUCTO WHERE ID_PRODUCTO = 908;
DELETE PRODUCTO WHERE ID_PRODUCTO = 907;

--TABLA SERVICIO        
INSERT INTO SERVICIO 
        (ID_SEDE,ID_CLIENTE,NUMERO_CONTACTOS,ID_EMPLEADO,ID_CARGO,FECHA_INGRESO,FECHA_ENTREGA,COMENTARIO_CLIENTE,DIAGNOSTICO,
        OBSERVACIONES_REPARACION,
        ID_PRODUCTO,ESTADO_PRODUCTO,CANTIDAD,VALOR_SERVICIO,ID_ESTADO_SERVICIO,DIRECCION_CLIENTE) 
VALUES(400,
        700,
        '+57 316757457',
        800,
        500,
        SYSDATE-1,
        TO_DATE('2019-07-30', 'YYYY-MM-DD'),
        'NO PRENDE Y NO QUIERE CARGAR',
        'EL SISTEMA OPERATIVO DE ANDROID ESTA DEFECTUOSO',
        NULL,
        900,
        'MAL ESTADO',
        1,
        450.000,
        100,
        'CR 4 #79-35 APT 3140');
        
INSERT INTO SERVICIO 
        (ID_SEDE,ID_CLIENTE,NUMERO_CONTACTOS,ID_EMPLEADO,ID_CARGO,FECHA_INGRESO,FECHA_ENTREGA,COMENTARIO_CLIENTE,DIAGNOSTICO,
        ID_PRODUCTO,ESTADO_PRODUCTO,CANTIDAD,VALOR_SERVICIO,ID_ESTADO_SERVICIO,DIRECCION_CLIENTE) 
VALUES(401,
        701,
        '44485474',
        801,
        501,
        SYSDATE,
        TO_DATE('2019-08-01', 'YYYY-MM-DD'),
        'FALLO LA CONEXION DEL INTERNET',
        'EL TELEVISOR SMART TV NO SE CONECTA MEDIANTE EL WIFI Y NI LA CONEXION POR MEDIO DE CABLE DE INTERNET',
        901,
        'BUEN ESTADO',
        1,
        950.000,
        100,
        'CR 4 #45-90 OFICINA 404');
        
INSERT INTO SERVICIO 
        (ID_SEDE,ID_CLIENTE,NUMERO_CONTACTOS,ID_EMPLEADO,ID_CARGO,FECHA_INGRESO,FECHA_ENTREGA,COMENTARIO_CLIENTE,
        ID_PRODUCTO,ESTADO_PRODUCTO,CANTIDAD,VALOR_SERVICIO,ID_ESTADO_SERVICIO,DIRECCION_CLIENTE) 
VALUES(401,
        701,
        '+57 345745874',
        801,
        501,
        SYSDATE,
        TO_DATE('2019-08-10', 'YYYY-MM-DD'),
        'PANTALLA ROTA Y NO FUNCIONA EL TACTIL',
        902,
        'MAL ESTADO',
        2,
        1.250000,
        101,
        'CLL 45 #07-10 SUR');
        
INSERT INTO SERVICIO 
        (ID_SERVICIO,ID_SEDE,ID_CLIENTE,NUMERO_CONTACTOS,ID_EMPLEADO,ID_CARGO,FECHA_INGRESO,FECHA_ENTREGA,COMENTARIO_CLIENTE,
        ID_PRODUCTO,ESTADO_PRODUCTO,CANTIDAD,VALOR_SERVICIO,ID_ESTADO_SERVICIO,DIRECCION_CLIENTE) 
        VALUES(SEQ_SERVICIO.NEXTVAL,
        401,
        701,
        '+57 345745874',
        801,
        501,
        SYSDATE,
        TO_DATE('2019-08-10', 'YYYY-MM-DD'),
        'PANTALLA ROTA Y NO FUNCIONA EL TACTIL',
        902,
        'MAL ESTADO',
        2,
        1.250000,
        101,
        'CLL 45 #07-10 SUR');

INSERT INTO SERVICIO 
        (ID_SERVICIO,ID_SEDE,ID_CLIENTE,NUMERO_CONTACTOS,ID_EMPLEADO,ID_CARGO,FECHA_INGRESO,FECHA_ENTREGA,COMENTARIO_CLIENTE,
        ID_PRODUCTO,ESTADO_PRODUCTO,CANTIDAD,VALOR_SERVICIO,ID_ESTADO_SERVICIO,DIRECCION_CLIENTE) 
        VALUES(0,
        401,
        701,
        '+57 345745874',
        801,
        501,
        SYSDATE,
        TO_DATE('2019-08-10', 'YYYY-MM-DD'),
        'PANTALLA ROTA Y NO FUNCIONA EL TACTIL',
        902,
        'MAL ESTADO',
        2,
        1.250000,
        101,
        'CLL 45 #07-10 SUR');

UPDATE SERVICIO
SET     FECHA_INGRESO = TO_DATE( '23/05/19', 'DD-MM-YY'),
        HORA_INGRESO = '10:00 AM',
        FECHA_COMPRA = TO_DATE('20/04/19', 'YYYY-MM-DD'),
        COMENTARIO_CLIENTE = 'SE APAGO Y NO VOLVIO DE PRENDER',
        DIAGNOSTICO = 'FALLA ECENDIDO/BLOQUEO/RESET',
        REPARACION = 'SE REALIZA CUSTOMIZACION DE SOFTWARE',
        REPUESTO = 'FBH',
        CANTIDAD = 2,
        VALOR_SERVICIO = 900.000,
        OBSERVACIONES_REPARACION = 'SE REALIZA PRUEBAS GENERALES DE FUNCIONALIDAD CON APLICACIONES PRETERMINADAS',
        FECHA_ENTREGA = TO_DATE('2019-06-05', 'YYYY-MM-DD'),
        ID_EMPLEADO = 801,
        ID_SEDE = 401,
        ID_PRODUCTO = 901,
        ID_ESTADO_SERVICIO = 102
WHERE ID_SERVICIO = 1;

UPDATE SERVICIO
SET     FECHA_INGRESO = SYSDATE,
        HORA_INGRESO = '09:20 AM',
        FECHA_COMPRA = TO_DATE('20/01/19', 'YYYY-MM-DD'),
        COMENTARIO_CLIENTE = 'FALLA DEL LA CONEXION DEL WIFI',
        DIAGNOSTICO = 'FALLA CONECTAR LA RED DEL INTERNET',
        REPARACION = 'SE ANALIZA LA PARTE DE HARDWARE Y SOFTWARE',
        REPUESTO = 'TARHETA DE WIFI',
        CANTIDAD = 3,
        VALOR_SERVICIO = 950.000,
        OBSERVACIONES_REPARACION = 'SE REALIZA PRUEBAS GENERALES DE FUNCIONALIDAD  PRETERMINADAS',
        FECHA_ENTREGA = TO_DATE('2019-07-06', 'YYYY-MM-DD'),
        ID_EMPLEADO = 802,
        ID_SEDE = 405,
        ID_PRODUCTO = 902,
        ID_ESTADO_SERVICIO = 102
WHERE ID_SERVICIO = 2;

UPDATE SERVICIO
SET     FECHA_INGRESO = TO_DATE('2019/05/20', 'YYYY-MM-DD'),
        HORA_INGRESO = '02:20 PM',
        FECHA_COMPRA = TO_DATE('2019/01/19', 'YYYY-MM-DD'),
        COMENTARIO_CLIENTE = 'PANTALLA ROTA',
        DIAGNOSTICO = 'MAL ESTADO LA PANTALLA TACTIL',
        REPARACION = 'REMPLAZAR EL PANEL DE LA PANTALLA NUEVA',
        REPUESTO = 'PANEL TACTIL DE 5 PULGADAS',
        CANTIDAD = 1,
        VALOR_SERVICIO = 950.999,
        OBSERVACIONES_REPARACION = 'SE REALIZA PRUEBAS GENERALES DE FUNCIONALIDAD  PRETERMINADAS',
        FECHA_ENTREGA = TO_DATE('2019-06-20', 'YYYY-MM-DD'),
        ID_EMPLEADO = 803,
        ID_SEDE = 405,
        ID_PRODUCTO = 905,
        ID_ESTADO_SERVICIO = 105
WHERE ID_SERVICIO = 3;

UPDATE SERVICIO
SET     FECHA_INGRESO = SYSDATE,
        HORA_INGRESO = '03:20 PM',
        FECHA_COMPRA = TO_DATE('2019/02/25', 'YYYY-MM-DD'),
        COMENTARIO_CLIENTE = 'FALLA DEL AUDIO',
        DIAGNOSTICO = 'FALLA DEL HARDWARE DEL AUDIO',
        REPARACION = 'REMPLAZAR UN NUEVO ARTEFACTO',
        REPUESTO = 'ARTEFACTO ESPECIAL DEL AUDIO',
        CANTIDAD = 1,
        VALOR_SERVICIO = 400.000,
        OBSERVACIONES_REPARACION = 'SE REALIZA PRUEBAS GENERALES DE FUNCIONALIDAD  PRETERMINADAS',
        FECHA_ENTREGA = TO_DATE('2019/06/15', 'YYYY-MM-DD'),
        ID_EMPLEADO = 806,
        ID_SEDE = 401,
        ID_PRODUCTO = 906,
        ID_ESTADO_SERVICIO = 105
WHERE ID_SERVICIO = 4;


UPDATE SERVICIO
SET     FECHA_INGRESO = SYSDATE,
        HORA_INGRESO = '03:20 PM',
        FECHA_COMPRA = TO_DATE('2019/02/24', 'YYYY-MM-DD'),
        COMENTARIO_CLIENTE = 'FALLA DEL AUDIO',
        DIAGNOSTICO = 'FALLA DEL HARDWARE DEL AUDIO',
        REPARACION = 'REMPLAZAR UN NUEVO ARTEFACTO',
        REPUESTO = 'ARTEFACTO ESPECIAL DEL AUDIO',
        CANTIDAD = 1,
        VALOR_SERVICIO = 400.000,
        OBSERVACIONES_REPARACION = 'SE REALIZA PRUEBAS GENERALES DE FUNCIONALIDAD  PRETERMINADAS',
        FECHA_ENTREGA = TO_DATE('2019/06/15', 'YYYY-MM-DD'),
        ID_EMPLEADO = 805,
        ID_SEDE = 401,
        ID_PRODUCTO = 906,
        ID_ESTADO_SERVICIO = 105
WHERE ID_SERVICIO = 5;


DELETE SERVICIO WHERE ID_SERVICIO = 10;
DELETE SERVICIO WHERE ID_SERVICIO = 9;
DELETE SERVICIO WHERE ID_SERVICIO = 8;

----------TABLA DOMICILIO-------------------------
INSERT INTO DOMICILIO VALUES(20,1);
INSERT INTO DOMICILIO VALUES(21,2);
INSERT INTO DOMICILIO VALUES(22,3);
INSERT INTO DOMICILIO VALUES(23,4);
INSERT INTO DOMICILIO VALUES(24,5);
INSERT INTO DOMICILIO VALUES(25,6);
INSERT INTO DOMICILIO VALUES(26,7);
INSERT INTO DOMICILIO VALUES(27,1);
INSERT INTO DOMICILIO VALUES(28,1);
INSERT INTO DOMICILIO VALUES(29,1);


UPDATE DOMICILIO SET ID_SERVICIO = 1
WHERE ID_DOMICILIO = 22;

UPDATE DOMICILIO SET ID_SERVICIO = 4
WHERE ID_DOMICILIO = 23;

UPDATE DOMICILIO SET ID_SERVICIO = 6
WHERE ID_DOMICILIO = 24;

UPDATE DOMICILIO SET ID_SERVICIO = 5
WHERE ID_DOMICILIO = 25;

UPDATE DOMICILIO SET ID_SERVICIO = 2
WHERE ID_DOMICILIO = 26;

DELETE DOMICILIO WHERE ID_DOMICILIO = 27;
DELETE DOMICILIO WHERE ID_DOMICILIO = 28;
DELETE DOMICILIO WHERE ID_DOMICILIO = 29;

COMMIT;




